{"_step": 226, "_runtime": 41.720465898513794, "_timestamp": 1668832723.115403, "steps_survived": 451, "ep": 1575}