{"ep": 770, "_step": 110, "_runtime": 25.68699598312378, "_timestamp": 1668832646.386016, "steps_survived": 21}