{"ep": 413, "steps_survived": 246, "_timestamp": 1671485061.147362, "_runtime": 7.612551927566528, "_step": 58}