{"_step": 74, "_runtime": 12.938043117523192, "_timestamp": 1668832143.346477, "steps_survived": 451, "ep": 525, "_wandb": {"runtime": 4}}