{"ep": 1624, "_step": 400, "_runtime": 49824.68655014038, "_timestamp": 1671485089.0573921, "steps_survived": 451}