{"ep": 322, "steps_survived": 314, "_timestamp": 1670468859.722551, "_runtime": 6.102986097335815, "_step": 45}