{"ep": 322, "steps_survived": 315, "_timestamp": 1670468821.717592, "_runtime": 6.114563941955566, "_step": 45}