{"ep": 525, "steps_survived": 451, "_timestamp": 1668832143.346477, "_runtime": 12.938043117523193, "_step": 74}